title,language
Дім зненависти,uk
Dim znenavysty,uk
Геліотроп,uk
Знак Зорро,uk
Мокра курка,uk
Міс Тутті-Фрутті,uk
Номер телефону,uk
N телефону,uk
Зізнання місіс Дороті,uk
Привид,uk
Шляхи жаху,uk
Ліліан,uk
Паризетт,uk
Volodari moriv,uk
Володарі морів,uk
Богиня джунглів,uk
Робін Гуд,uk
Наша гостинність,uk
Через Розу,uk
Еспанська танцюристка,uk
Красунчик Браммел,uk
Син моря,uk
Гарі Паливода,uk
Коло подружжів,uk
Kolo podruzhzhiv,uk
Вовк на троні,uk
Син Зорро,uk
Двійник проти волі,uk
Ягідки кохання,uk
Yahidka kokhannya,uk
Ягідка кохання,uk
Пасинки Берліну,uk
Вася-реформатор,uk
Vasya reformator,uk
Dva Dni,uk
Три дні,uk
Батько і син,uk
Batko i syn,uk
Try Dni,uk
Два дні,uk
Позбавлені дня,uk
Без сонця,uk
Bez sontsia,uk
Мітя,uk
Сумка дипкур'єра,uk
Портфель дипломатичного кур'єра,uk
Ткачі,uk
Наївний кравець,uk
Одинадцятий,uk
Крізь сльози,uk
Жах,uk
Звенигора,uk
Zacharovane mistse,uk
Zvenyhora,uk
Зачароване місце,uk
Арсенал,uk
Людина з кіно-апаратом,uk
Lyudyna z kino-aparatom,uk
Наговір,uk
Slander,uk
Nahovir,uk
Квартали передмістя,uk
П'ять наречених,uk
5 наречених,uk
Ентузіязм. Симфонія Донбасу,uk
Земля,uk
Чорна шкіра,uk
Chorna shkira,uk
Подорожня в життя,uk
Коліївщина,uk
Багата наречена,uk
Bahata narechena,uk
Вершники,uk
Donetski shakhtari,uk
Донецькі шахтарі,uk
Як вийти заміж за мільйонера,uk
Земля,uk
"Без паніки, хлопці",uk
Літа молодії,uk
Lita molodiyi,uk
Оленка,uk
Olenka,uk
Ukrayinska rapsodiya,uk
За двома зайцями,uk
Kvitka na kameni,uk
Квітка на камені,uk
Лісова пісня,uk
Вечори на хуторі біля Диканьки,uk
Tini zabutykh predkiv,uk
Тіні забутих предків,uk
Великі перегони,uk
Криниця для спраглих,uk
Чоловік і жінка,uk
Людина-кавун,uk
Lyudyna skhodu,uk
Життя і дивовижні пригоди Робінзона Крузо,uk
Дораемон,uk
Сімнадцять миттєвостей весни,uk
Камураска,uk
"Оклахома, якою вона є",uk
В бій ідуть тільки 'старики',uk
Пригоди Буратіно,uk
Стара рушниця,uk
Світ майбутнього,uk
Гобіт,uk
Hobit,uk
П'ять вечорів,uk
Люпен III: Замок Каліостро,uk
Дізнання пілота Піркса,uk
Рядова Бенджамін,uk
Кривава лють,uk
Зоряний шлях 3: У пошуках Спока,uk
Загублені в пісках,uk
Zahubleni v piskakh,uk
Дитинство Бембі,uk
Поліцейська академія 2: Перше призначення,uk
Кін-дза-дза!,uk
Дикі кішки,uk
Смертельна зброя,uk
За бортом,uk
Закляття долини змій,uk
П'яний світанок,uk
Великий та доброзичливий велетень,uk
Смертельна зброя 2,uk
Воно,uk
Vono,uk
Пташка на дроті,uk
Меланхолійний вальс,uk
Melankholiynyi vals,uk
Відьма,uk
Голод-33,uk
Король Лев,uk
Острів скарбів,uk
Давид Коперфільд,uk
Через терни до зірок,uk
Чи легко бути молодим?,uk
Вогнем i мечем,uk
Бенефіс кловна Жоржа,uk
Бенефіс клоуна Жоржа,uk
Karmeliuk,uk
З життя Кармалюка,uk
Кармелюк,uk
Z zhyttia Karmaliuka,uk
Шукайте жінку,uk
Рідна кров,uk
Ridna krov,uk
Жінка під 40 років,uk
Запорожець за Дунаєм,uk
Вечір на Івана Купала,uk
Zamok u Karpatakh,uk
Замок у Карпатах,uk
Білий птах з чорною ознакою,uk
Злодій,uk
Лісова пісня. Мавка,uk
Смужка нескошених диких квітів,uk
Киянка,uk
Я люблю,uk
Месник із Гянджебасара,uk
"Бий, Барабан!",uk
"Byy, Baraban!",uk
Червона рута,uk
Tscherwona Ruta,uk
Жінка наших днів,uk
Дві жінки,uk
Жінка в дзеркалі,uk
Іванна,uk
Комісари,uk
Komisary,uk
Пропала грамота,uk
Zirka sheryfa,uk
Лють,uk
Lyut,uk
Повія,uk
Pravo batkiv,uk
Право батьків,uk
Batky ta dity,uk
Батьки та діти,uk
Ракети не повинні злетіти,uk
Rakety ne povynni zletity,uk
Сорочинський ярмарок,uk
Sorochynskyi yarmarok,uk
Сюркуф,uk
Dytyna bazaru,uk
Дитина базару,uk
У мертвій петлі,uk
U mertviy petli,uk
Роки молодії,uk
Багаті теж плачуть,uk
Navesni,uk
Навесні,uk
Мільйони Ферфакса,uk
Milyony Ferfaksa,uk
Слюсар і канцлер,uk
Slyusar i kantsler,uk
Вир,uk
Повернення з орбіти,uk
Povernennya z orbity,uk
Лілея,uk
"Така пізня, така тепла осінь",uk
"Taka piznya, taka tepla osin",uk
Двічі продана,uk
Кіра Кіраліна,uk
Filantrop,uk
Проданий апетит,uk
Філантроп,uk
Пісня про Перекоп,uk
Перекоп,uk
Pisnya pro Perekop,uk
Таємниці Святого Юра,uk
Остап Бандура,uk
Двобій,uk
Остання ставка містера Енніока,uk
Народжені бурею,uk
Narodzheni bureyu,uk
Укразія,uk
Месник,uk
Mesnyk,uk
Твоє мирне небо,uk
У привидів у полоні,uk
І ніхто на світі,uk
Легенда про безсмертя,uk
Посилка для Марґарет Тетчер,uk
Posylka dlya Margaret Tetcher,uk
Том і Джеррі. Комедійне шоу,uk
Кравець Бєсо,uk
Народжена революцією,uk
Narodzhena revolyutsiyeyu,uk
Бур'ян,uk
Buryan,uk
Дикун,uk
Фантастична історія,uk
Fantastychna istoriya,uk
Камінна душа,uk
Анничка,uk
Баштанка,uk
Баштанська республіка,uk
Дораемон: Крихітні зоряні війни Нобіта,uk
Sribnyy trener,uk
Срібний тренер,uk
Є такий хлопець,uk
Ye takyy khlopets,uk
Бухта смерті,uk
Повернення,uk
Вибухлі дні,uk
Vybukhli dni,uk
Зірвані дні,uk
Джимі Гіґґінс,uk
Dzhimi Higgins,uk
Джімі Гіґінс,uk
Камінний хрест,uk
Kaminnyy khrest,uk
Студентка,uk
Делегатка,uk
Право на жінку,uk
Z nudhy,uk
Мандрівні зірки,uk
Мандрівні зорі,uk
Mandrivni zori,uk
Блукаючі зірки,uk
Кубанці,uk
Десь є син,uk
Des ye syn,uk
Ostanniy hayduk,uk
"Прощавайте, фараони!",uk
"Прощайте, фараони!",uk
Дипломати мимоволі,uk
Невиданий альбом,uk
Прокурор Йордан,uk
Лимерівна,uk
Дораемон,uk
Октябрюхов та Декабрюхов,uk
Декабрюхов і Октябрюхов,uk
С. М. Ейзенштейн: Уроки монтажу,uk
Троє,uk
Дораемон: Дорабські ночі Нобіта,uk
Дораемон: Чудовиська підводного замку,uk
Дораемон: Нобіта і Народження Японії,uk
Дораемон: Космічна історія Нобіта,uk
Дораемон: Динозавр Нобіта,uk
Дораемон: Пригоди Нобіта в Чарівному Світі,uk
Дораемон: Планета тварин Нобіта,uk
Дораемон: Нобітівська версія Саюк,uk
Дораемон: Нобіта і наїзник на драконі,uk
Дораемон: Нобіта і взвод залізних солдатів,uk
Beztolkoviy Vombat,uk
Тарас Трясило,uk
Повість про гаряче серце,uk
Taras Triasylo,uk
Viter z porohiv,uk
Вітер з порогів,uk
Джальма,uk
Спартак,uk
Zlyva. Kino-oforty do istoriyi Haidamtchyny,uk
Злива,uk
Злива. Кіно-офорти до історії Гайдамаччини,uk
Zlyva,uk
Двійник,uk
Суддя Рейтанеску,uk
Вибух,uk
Vybukh,uk
Boryslav smiyetsa,uk
Борислав сміється,uk
Велике горе маленької жінки,uk
Як іноді буває,uk
Остання зустріч,uk
Velyke hore malenkoyi zhinky,uk
Peredzvin,uk
Temne tsarstvo,uk
Темне царство,uk
Передзвін,uk
Nespodivanyy heroy,uk
Митрошка - солдат революції,uk
Несподіваний герой,uk
Mykola Dzheria,uk
Микола Джеря,uk
Навздогін за долею,uk
Navzdohin za doleyu,uk
Дорогою ціною,uk
Свіжий вітер,uk
Закони шторму,uk
Za monastirskoyu bramoyu,uk
За монастирською брамою,uk
Гамбург,uk
Історія однієї втечі,uk
Димівка,uk
Вбивство сількора Малиновського,uk
Dymivka,uk
Поміщик,uk
Сіль,uk
Тарас Шевченко,uk
Наймичка,uk
Як куркуль сільським головою став,uk
Сон Товстопузенка,uk
Lisovyy zvir,uk
Лісовий звір,uk
У пазурях радянської влади,uk
Пригоди фабриканта,uk
В пазурах радвлади,uk
Svyni zavzhdy svyni,uk
Свині завжди свині,uk
Станція Пупки,uk
Сорочинський ярмарок,uk
Apelsyny z Khimvuhillya,uk
Nepevnyy bahazh,uk
Непевний багаж,uk
Pidozrilyy bahazh,uk
Підозрілий багаж,uk
Апельсини з Хімвугілля,uk
Непереможні,uk
Антоніо Терметто,uk
Цемент,uk
В заметах,uk
Завірюха,uk
V zametakh,uk
Безпритульні,uk
Непутящі,uk
Болотяні вогні,uk
Вогняна помста,uk
Чорний бір,uk
Vohnyana pomsta,uk
Ступати заважають,uk
Stupaty zavazhayut,uk
Млин на вузліссі,uk
Димок над кручею,uk
Діти шахтарів,uk
Карл Бруннер,uk
"Тримайся, Карлуша!",uk
Повість наших днів,uk
Сенько з 'Мімози',uk
Поєдинок,uk
Вовчий хутір,uk
На крилах пісні,uk
Три кімнати з кухнею,uk
Try kimnaty z kukhneyu,uk
Генеральна репетиція,uk
Heneralna repetytsiya,uk
Чатуй,uk
Сорочинська трагедія,uk
Sorochynska trahediya,uk
Чорні дні,uk
Степові пісні,uk
Пілот і дівчина,uk
Mertva petlya,uk
Мертва петля,uk
"Я, Робот",uk
Жінці про жінку,uk
Що кожній жінці треба знати,uk
Гігієна дівчини та жінки,uk
Трипільська трагедія,uk
Trypilska trahediya,uk
Бурлачка,uk
Burlachka,uk
Василина,uk
Oberih natsiyi,uk
Seym vykhodyt z berehiv,uk
Складки часу,uk
Пригоди полтинника,uk
Сектор мовчання,uk
Дід Іван з села Річки,uk
Меланчине весілля,uk
"Ой горе, це ж гості до мене",uk
Відкрий себе,uk
Правда крупним планом,uk
Документи епохи.,uk
Документи доби,uk
Сторінки доби,uk
Прометей,uk
Хто поїде в Трускавець,uk
Подарунок на іменини,uk
Podarunok na imenyny,uk
Nichnyy Viznyk,uk
Kyyivski fresky,uk
Київські фрески,uk
Мова тварин,uk
Справа No 128,uk
Ненаписаний лист,uk
"Історія про дівчинку, яка наступила на хліб",uk
РокіРовка (сповідь із акваріума),uk
Веселе курча,uk
Тук-тук і Жук,uk
Як Тук-тук город свій доглядав і з свинею воював,uk
Пригоди Незнайка та його друзів,uk
Son,uk
Сон,uk
Пригода на дачі,uk
Марс-ХХ,uk
Дерево і кішка,uk
Знайоме обличчя,uk
Шкурник,uk
Київська симфонія,uk
Любов та смерть картоплі звичайної,uk
Як їжачок шубку міняв,uk
Високий перевал,uk
Штурмові ночі,uk
Shturmovi nochi,uk
Стожари,uk
Ім'ям революції,uk
Гуси-лебеді летять,uk
Весь світ в очах твоїх...,uk
Ves svit v ochakh tvoyikh...,uk
Руда Фея,uk
Падав іній,uk
Padav iniy,uk
Дивний сад,uk
Dyvnyy sad,uk
Страшна помста,uk
Хліб,uk
Тисяча дев'ятсот двадцятий рік,uk
Щедрий вечір,uk
Vanka i Mesnyk,uk
Ванька і Месник,uk
Я та інші,uk
Валидуб,uk
Мотузочка,uk
Дораемон: Нобіта і Привиди Зла,uk
Provokator,uk
Його кар'єра,uk
Yoho karyera,uk
Провокатор,uk
У павутинні,uk
Людина з лісу,uk
Ludyna z lisu,uk
Tini Belvedera,uk
Тіні Бельведера,uk
Заєць в людях,uk
Shlyakh do sertsya,uk
Шлях до серця,uk
Sekretar partkomu,uk
Секретар парткому,uk
Dovira,uk
Довіра,uk
Sofiya Hrushko,uk
Софія Грушко,uk
Yurkovi svitanky,uk
Юркові світанки,uk
Ridni,uk
Рідні,uk
Лада з країни берендеїв,uk
Lada z krayiny berendeyiv,uk
Мiсiя неможлива: Фолаут,uk
Багряні береги,uk
Важка вода,uk
Кров людська - не водиця,uk
Krov lyudska - ne vodytsya,uk
Острів Вовчий,uk
Ostriv Vovchyy,uk
Григорій Сковорода,uk
Миленький ти мій,uk
Mylenkyy ty miy,uk
Ni y tak,uk
Ні й так,uk
Дума про Британку,uk
Для домашнього вогнища,uk
"Myr khatam, viyna palatsam",uk
"Мир хатам, війна палацам",uk
Веселі Жабокричі,uk
Veseli Zhabokrychi,uk
Zoryanyy tsvit,uk
Зоряний цвіт,uk
Іду до тебе...,uk
Тут нам жити,uk
Лаври,uk
Дід лівого крайнього,uk
"Ні пуху, ні пера",uk
Chas - moskovskyy,uk
Час - московський,uk
Нісенітниця,uk
Nisenitnytsya,uk
Наталка Полтавка,uk
Дударики,uk
Платон мені друг,uk
Дім батька твого,uk
Жменяки,uk
Гори димлять,uk
Тамілла,uk
Поза межами болю,uk
Буйна,uk
Містифікатор,uk
Козаки йдуть,uk
Карпатське золото,uk
Karpatskoye zoloto,uk
"Komu vhoru, komu vnyz",uk
"Кому вгору, кому вниз",uk
"Нам дзвони не грали, коли ми вмирали",uk
"Nam dzvony ne hraly, koly my vmyraly",uk
Чудо в краю забуття,uk
Martyn Borulya,uk
Мартин Боруля,uk
Сто тисяч,uk
Faraony,uk
Фараони,uk
Безталанна,uk
Не судилось,uk
"Ведмедик і той, що живе в річці",uk
Чотири нерозлучні таргани та цвіркунець,uk
Страсті-мордасті,uk
Страсті-мордасті · 1,uk
Ордер на арешт,uk
"Ой не ходи, Грицю, та й на вечорниці",uk
Лисичка з качалкою,uk
Розпатланий горобець,uk
Чому у півня короткі штанці,uk
Довге відлуння,uk
Dovhe vidlunnya,uk
Пісня завжди з нами,uk
Черевички,uk
П.К.П.,uk
Таємниця Дімки Кармія,uk
Єгипетський гусак,uk
Yehypetskyi husak,uk
Shcho tut koitsya ishche?!!,uk
Як посварився Іван Іванович з Іваном Никифоровичем,uk
Алім,uk
Tragedija Cyganskoj Devuski,uk
Tragedija Cyganki,uk
Navkolo svitu mymovoli,uk
Навколо світу мимоволі,uk
Смерть чиновника,uk
Nebuvalyy pokhid,uk
Nechuvanyy pokhid,uk
Нечуваний похід,uk
Небувалий похід,uk
